Année diplôme;Diplôme;Type de diplôme;Filière;Spécialité libellé;Taux d'emploi;Année première année;MEFSTAT libellé;Taux de pression;Demandes;Capacité;Code diplôme;MEFSTAT11;Code type diplôme;Code diplôme;MEFSTAT libellé court;Admis apprentissage 2019;Admis voie scolaire 2019
2019;BACPRO METIERS DU CUIR OPTION MAROQUINERIE;BACPRO;Textile, habillement, cuir;METIERS DU CUIR OPTION MAROQUINERIE;45.7;2020.0;2NDPRO METIERS DU CUIR : MAROQUINERIE;1.06451612903;99.0;93.0;40024302;23810024302;400.0;40024302;2NDPRO24302;27.0;170
2019;CAP CHARCUTIER-TRAITEUR;CAP;Alimentation, hôtellerie, restauration, tourisme;CHARCUTIER-TRAITEUR;62.9;2020.0;1CAP2  CHARCUTIER-TRAITEUR;0.257142857143;27.0;105.0;50022130;23210022130;500.0;50022130;1CAP222130;830.0;18
2019;CAP CHOCOLATIER CONFISEUR;CAP;Alimentation, hôtellerie, restauration, tourisme;CHOCOLATIER CONFISEUR;67.0;2020.0;1CAP2  CHOCOLATIER CONFISEUR;0.604651162791;26.0;43.0;50022133;23210022133;500.0;50022133;1CAP222133;611.0;86
2019;CAP VETEMENT DE PEAU;CAP;Textile, habillement, cuir;VETEMENT DE PEAU;60.0;2020.0;1CAP2  VETEMENT DE PEAU;0.5;3.0;6.0;50024319;23210024319;500.0;50024319;1CAP224319;0.0;13
2019;CAP MAINTENANCE DES MATERIELS OPTION C MATERIELS D'ESPACES VERTS;CAP;Automobile, engins;MAINTENANCE DES MATERIELS OPTION C MATERIELS D'ESPACES VERTS;29.9;2020.0;1CAP2  MAINT.MATERIELS OPT.C ESP. VERTS;1.13990825688;497.0;436.0;50025223;23210025223;500.0;50025223;1CAP225223;256.0;496
2019;BACPRO LOGISTIQUE;BACPRO;Gestion-administration, transport, logistique, sécurité;LOGISTIQUE;42.4;2020.0;2NDPRO MET.GEST.ADM.,TRA.&LOG.2NDE COMM.;0.90085692028;17346.0;19255.0;40031106;23810030003;400.0;40030003;2NDPRO30003;474.0;1749
2019;BACPRO TRANSPORT;BACPRO;Gestion-administration, transport, logistique, sécurité;TRANSPORT;38.7;2020.0;2NDPRO MET.GEST.ADM.,TRA.&LOG.2NDE COMM.;0.90085692028;17346.0;19255.0;40031108;23810030003;400.0;40030003;2NDPRO30003;8.0;675
2019;BACPRO VENTE;BACPRO;Relation client, commerce, vente;VENTE;40.9;2020.0;2NDPRO MET. RELATION CLIENT 2NDE COMMUNE;1.16917171978;36249.0;31004.0;40031206;23810031211;400.0;40031211;2NDPRO31211;30.0;5433
2019;BACPRO BIO-INDUSTRIES DE TRANSFORMATION;BACPRO;Biochimie industrielle;BIO-INDUSTRIES DE TRANSFORMATION;29.9;2020.0;2NDPRO BIO-INDUSTRIES DE TRANSFORMATION;0.640419947507;244.0;381.0;40022003;23810022003;400.0;40022003;2NDPRO22003;62.0;398
2019;BACPRO ACCUEIL - RELATION CLIENTS ET USAGERS;BACPRO;Relation client, commerce, vente;ACCUEIL - RELATION CLIENTS ET USAGERS;32.8;2020.0;2NDPRO MET. RELATION CLIENT 2NDE COMMUNE;1.16917171978;36249.0;31004.0;40031210;23810031211;400.0;40031211;2NDPRO31211;407.0;5830
2019;CAP BOUCHER;CAP;Alimentation, hôtellerie, restauration, tourisme;BOUCHER;59.4;2020.0;1CAP2  BOUCHER;0.33;33.0;100.0;50022135;23210022135;500.0;50022135;1CAP222135;2134.0;0
2019;CAP ART ET TECHNIQUES DE LA BIJOUTERIE-JOAILLERIE OPTION POLISSAGE-FINITION;CAP;Métiers d'art;ART ET TECHNIQUES DE LA BIJOUTERIE-JOAILLERIE OPTION POLISSAGE-FINITION;50.0;2020.0;1CAP2  ART TEC BIJ.JOAILL.OP.POLIS.FINI.;1.2962962963;35.0;27.0;50022363;23210022363;500.0;50022363;1CAP222363;2.0;17
2019;CAP CORDONNIER BOTTIER;CAP;Textile, habillement, cuir;CORDONNIER BOTTIER;56.0;2020.0;1CAP2 CORDONNIER BOTTIER;0.0833333333333;1.0;12.0;50024313;23210024313;500.0;50024313;1CAP224313;17.0;7
2019;BACPRO COMMERCIALISATION ET SERVICES EN RESTAURATION;BACPRO;Alimentation, hôtellerie, restauration, tourisme;COMMERCIALISATION ET SERVICES EN RESTAURATION;49.9;2020.0;2NDPRO COMMERC. SERVICES EN RESTAURATION;1.0163599182;497.0;489.0;40033403;23810033403;400.0;40033403;2NDPRO33403;382.0;2812
2019;CAP ACCORDEUR DE PIANO;CAP;Industries graphiques, communication, audiovisuel, spectacle;ACCORDEUR DE PIANO;0.0;2020.0;1CAP2 ACCORDEUR DE PIANOS;0.125;1.0;8.0;50032308;23210032308;500.0;50032308;1CAP232308;0.0;5
2019;CAP COMMERCIALISATION ET SERVICES EN HOTEL-CAFE-RESTAURANT;CAP;Alimentation, hôtellerie, restauration, tourisme;COMMERCIALISATION ET SERVICES EN HOTEL-CAFE-RESTAURANT;44.7;2020.0;1CAP2  COMMER.SERV.HOTEL-CAFE-RESTAURANT;0.712441314554;1821.0;2556.0;50033412;23210033412;500.0;50033412;1CAP233412;2608.0;1489
2019;BACPRO AERONAUTIQUE OPTION AVIONIQUE;BACPRO;Aéronautique;AERONAUTIQUE OPTION AVIONIQUE;58.9;2020.0;2NDPRO MET. DE L'AERONAUTIQUE 2NDE COMM.;2.04671532847;1402.0;685.0;40025302;23810025307;400.0;40025307;2NDPRO25307;37.0;140
2019;BACPRO ACCOMPAGNEMENT SOINS ET SERVICES A LA PERSONNE OPTION A - A DOMICILE;BACPRO;Santé, social, services à la personne et à la collectivité;ACCOMPAGNEMENT SOINS ET SERVICES A LA PERSONNE OPTION A - A DOMICILE;31.1;2020.0;2NDPRO ACC.SOINS-SERV.PERS. 2NDE COMMUNE;1.21740275705;13865.0;11389.0;40033003;23810033005;400.0;40033005;2NDPRO33005;0.0;2557
2019;CAP ARTS ET TECHNIQUES DU VERRE OPTION DECORATEUR;CAP;Métiers d'art;ARTS ET TECHNIQUES DU VERRE OPTION DECORATEUR;63.6;2020.0;1CAP2 ARTS & TECH.VERRE: DECORATEUR;0.416666666667;15.0;36.0;50022427;23210022427;500.0;50022427;1CAP222427;4.0;26
2019;CAP COMPOSITES, PLASTIQUES CHAUDRONNES;CAP;Biochimie industrielle;COMPOSITES, PLASTIQUES CHAUDRONNES;34.0;2020.0;1CAP2  COMPOSIT.PLASTIQ.CHAUDRONNES;0.68932038835;71.0;103.0;50022510;23210022510;500.0;50022510;1CAP222510;12.0;85
2019;CAP CANNAGE ET PAILLAGE EN AMEUBLEMENT;CAP;Métiers d'art;CANNAGE ET PAILLAGE EN AMEUBLEMENT;0.0;2020.0;1CAP2 CANNAGE ET PAILLAGE AMEUBLEMENT;0.125;1.0;8.0;50023420;23210023420;500.0;50023420;1CAP223420;0.0;1
2019;BACPRO ARTISANAT ET METIERS D'ART OPTION : METIERS DE L'ENSEIGNE ET DE LA SIGNALETIQUE;BACPRO;Industries graphiques, communication, audiovisuel, spectacle;ARTISANAT ET METIERS D'ART OPTION : METIERS DE L'ENSEIGNE ET DE LA SIGNALETIQUE;34.1;2020.0;2NDPRO ARTIS. ET MET. D'ART 2NDE COMMUNE;0.725;29.0;40.0;40022403;23810022404;400.0;40022404;2NDPRO22404;9.0;125
2019;BACPRO SYSTEMES NUMERIQUES OPTION C RESEAUX INFORMATIQUES ET SYSTEMES COMMUNICANTS;BACPRO;Electricité, électronique/numérique, environnement;SYSTEMES NUMERIQUES OPTION C RESEAUX INFORMATIQUES ET SYSTEMES COMMUNICANTS;30.9;2020.0;2NDPRO SYSTEMES NUMERIQUES 2NDE COMMUNE;1.5346383239;10035.0;6539.0;40025515;23810025516;400.0;40025516;2NDPRO25516;138.0;3878
2019;CAP MACON;CAP;Construction, bâtiment, travaux publics;MACON;48.8;2020.0;1CAP2  MACON;1.06780870807;1496.0;1401.0;50023217;23210023217;500.0;50023217;1CAP223217;2099.0;669
2019;CAP OUTILLAGES EN OUTILS A DECOUPER ET A EMBOUTIR;CAP;Productique, mécanique, automatisation;OUTILLAGES EN OUTILS A DECOUPER ET A EMBOUTIR;0.0;2020.0;1CAP2 OUTILLAGES A DECOUPER ET EMBOUTIR;0.375;9.0;24.0;50025126;23210025126;500.0;50025126;1CAP225126;0.0;11
2019;BACPRO TECHNICIEN D'ETUDES DU BATIMENT OPTION A : ETUDES ET ECONOMIE;BACPRO;Construction, bâtiment, travaux publics;TECHNICIEN D'ETUDES DU BATIMENT OPTION A : ETUDES ET ECONOMIE;39.8;2020.0;2NDPRO TECHN. ETUDES BAT.A ETUDES & ECO.;0.920634920635;58.0;63.0;40023004;23810023004;400.0;40023004;2NDPRO23004;41.0;912
2019;BACPRO METIERS DE LA SECURITE;BACPRO;Gestion-administration, transport, logistique, sécurité;METIERS DE LA SECURITE;41.8;2020.0;2NDPRO METIERS DE LA SECURITE;2.94423987375;5597.0;1901.0;40034403;23810034403;400.0;40034403;2NDPRO34403;12.0;1855
2019;CAP CORDONNERIE MULTISERVICE;CAP;Textile, habillement, cuir;CORDONNERIE MULTISERVICE;50.0;2020.0;1CAP2  CORDONNERIE MULTISERVICE;0.2;3.0;15.0;50024320;23210024320;500.0;50024320;1CAP224320;9.0;13
2019;BACPRO PROCEDES DE LA CHIMIE, DE L'EAU ET DES PAPIERS-CARTONS;BACPRO;Productique, mécanique, automatisation;PROCEDES DE LA CHIMIE, DE L'EAU ET DES PAPIERS-CARTONS;41.1;2020.0;2NDPRO PROC. CHIMIE EAU PAPIERS-CARTONS;0.676948051948;417.0;616.0;40022004;23810022004;400.0;40022004;2NDPRO22004;108.0;452
2019;BACPRO TECHNICIEN MENUISIER AGENCEUR;BACPRO;Construction, bâtiment, travaux publics;TECHNICIEN MENUISIER AGENCEUR;39.9;2020.0;2NDPRO TECHNICIEN MENUISIER AGENCEUR;0.780276816609;1804.0;2312.0;40023405;23810023405;400.0;40023405;2NDPRO23405;104.0;1724
2019;BACPRO METIERS DE LA MODE - VÊTEMENT;BACPRO;Textile, habillement, cuir;METIERS DE LA MODE - VÊTEMENT;28.7;2020.0;2NDPRO METIERS DE LA MODE - VÊTEMENT;1.01440329218;2958.0;2916.0;40024203;23810024203;400.0;40024203;2NDPRO24203;6.0;2271
2019;BACPRO REALISATION DE PRODUITS IMPRIMES ET PLURIMEDIA OPTION B PRODUCTIONS IMPRIMEES;BACPRO;Industries graphiques, communication, audiovisuel, spectacle;REALISATION DE PRODUITS IMPRIMES ET PLURIMEDIA OPTION B PRODUCTIONS IMPRIMEES;30.5;2020.0;2NDPRO MET.INDUS.GRAPH.&COMM.2NDE COMM.;0.982365145228;947.0;964.0;40032208;23810032210;400.0;40032210;2NDPRO32210;47.0;280
2019;CAP ART ET TECHNIQUES DE LA BIJOUTERIE-JOAILLERIE OPTION BIJOUTERIE-JOAILLERIE;CAP;Métiers d'art;ART ET TECHNIQUES DE LA BIJOUTERIE-JOAILLERIE OPTION BIJOUTERIE-JOAILLERIE;41.8;2020.0;1CAP2  ART TEC. BIJ. JOAILL.OP.BIJ.JOAIL;1.14917127072;208.0;181.0;50022361;23210022361;500.0;50022361;1CAP222361;45.0;309
2019;CAP INSTALLATEUR EN FROID ET CONDITIONNEMENT D'AIR;CAP;Electricité, électronique/numérique, environnement;INSTALLATEUR EN FROID ET CONDITIONNEMENT D'AIR;40.1;2020.0;1CAP2  INSTALL. FROID CONDITIONN. D'AIR;1.15254237288;340.0;295.0;50022714;23210022714;500.0;50022714;1CAP222714;191.0;157
2019;CAP CONSTRUCTEUR BOIS;CAP;Construction, bâtiment, travaux publics;CONSTRUCTEUR BOIS;49.1;2020.0;1CAP2  CONSTRUCTEUR BOIS;0.779816513761;255.0;327.0;50023440;23210023440;500.0;50023440;1CAP223440;152.0;137
2019;CAP SELLIER HARNACHEUR;CAP;Textile, habillement, cuir;SELLIER HARNACHEUR;60.0;2020.0;1CAP2  SELLIER HARNACHEUR;0.4;8.0;20.0;50024321;23210024321;500.0;50024321;1CAP224321;8.0;11
2019;BACPRO MAINTENANCE DES VEHICULES OPTION B VEHICULES DE TRANSPORT ROUTIER;BACPRO;Automobile, engins;MAINTENANCE DES VEHICULES OPTION B VEHICULES DE TRANSPORT ROUTIER;59.0;2020.0;2NDPRO MAINT.VEHIC.OPTB VEHIC.TRANS.ROUT;0.614840989399;174.0;283.0;40025215;23810025215;400.0;40025215;2NDPRO25215;356.0;440
2019;BACPRO MAINTENANCE DES VEHICULES OPTION C MOTOCYCLES;BACPRO;Automobile, engins;MAINTENANCE DES VEHICULES OPTION C MOTOCYCLES;56.3;2020.0;2NDPRO MAINT.VEHIC.OPTC MOTOCYCLES;2.04;510.0;250.0;40025216;23810025216;400.0;40025216;2NDPRO25216;164.0;511
2019;BACPRO OPTIQUE LUNETTERIE;BACPRO;Santé, social, services à la personne et à la collectivité;OPTIQUE LUNETTERIE;45.0;2020.0;2NDPRO OPTIQUE LUNETTERIE;1.07971014493;447.0;414.0;40033101;23810033101;400.0;40033101;2NDPRO33101;29.0;502
2019;CAP DECORATION EN CERAMIQUE;CAP;Métiers d'art;DECORATION EN CERAMIQUE;33.3;2020.0;1CAP2 DECORATION EN CERAMIQUE;0.62962962963;34.0;54.0;50022422;23210022422;500.0;50022422;1CAP222422;3.0;41
2019;CAP TAPISSIER-TAPISSIERE D'AMEUBLEMENT EN DECOR;CAP;Textile, habillement, cuir;TAPISSIER-TAPISSIERE D'AMEUBLEMENT EN DECOR;27.8;2020.0;1CAP2  TAPISSIER-E AMEUBLEMENT EN DECOR;0.357142857143;30.0;84.0;50024239;23210024239;500.0;50024239;1CAP224239;12.0;53
2019;CAP DECOLLETAGE : OPERATEUR REGLEUR EN DECOLLETAGE;CAP;Productique, mécanique, automatisation;DECOLLETAGE : OPERATEUR REGLEUR EN DECOLLETAGE;42.9;2020.0;1CAP2 DECOLLETAGE : OPERATEUR REGLEUR;1.375;33.0;24.0;50025123;23210025123;500.0;50025123;1CAP225123;2.0;17
2019;BACPRO TRAITEMENTS DES MATERIAUX;BACPRO;Productique, mécanique, automatisation;TRAITEMENTS DES MATERIAUX;50.0;2020.0;2NDPRO TRAITEMENTS DES MATERIAUX;0.36;9.0;25.0;40022302;23810022302;400.0;40022302;2NDPRO22302;6.0;11
2019;BACPRO TECHNICIEN GEOMETRE-TOPOGRAPHE;BACPRO;Construction, bâtiment, travaux publics;TECHNICIEN GEOMETRE-TOPOGRAPHE;36.3;2020.0;2NDPRO MET.ETUD.MODELIS.NUMER.2NDE COMM.;0.850659425912;2193.0;2578.0;40023103;23810023007;400.0;40023007;2NDPRO23007;5.0;324
2019;BACPRO REPARATION DES CARROSSERIES;BACPRO;Automobile, engins;REPARATION DES CARROSSERIES;51.8;2020.0;2NDPRO REPARATION DES CARROSSERIES;0.775787523162;1256.0;1619.0;40025408;23810025408;400.0;40025408;2NDPRO25408;321.0;885
2019;BACPRO HYGIENE, PROPRETE, STERILISATION;BACPRO;Santé, social, services à la personne et à la collectivité;HYGIENE, PROPRETE, STERILISATION;36.1;2020.0;2NDPRO HYGIENE PROPRETE STERILISATION;0.369829683698;304.0;822.0;40034304;23810034304;400.0;40034304;2NDPRO34304;152.0;576
2019;CAP MAINTENANCE DE BATIMENTS DE COLLECTIVITES;CAP;Construction, bâtiment, travaux publics;MAINTENANCE DE BATIMENTS DE COLLECTIVITES;28.0;2020.0;1CAP2 MAINTENANCE BATIMENTS DE COLLECT.;1.03377386197;704.0;681.0;50023002;23210023002;500.0;50023002;1CAP223002;248.0;510
2019;BACPRO MENUISERIE ALUMINIUM-VERRE;BACPRO;Construction, bâtiment, travaux publics;MENUISERIE ALUMINIUM-VERRE;36.2;2020.0;2NDPRO MENUISERIE ALUMINIUM-VERRE;0.0;0.0;3.0;40023303;23810023303;400.0;40023303;2NDPRO23303;42.0;220
2019;BACPRO FACONNAGE DE PRODUITS IMPRIMES, ROUTAGE;BACPRO;Industries graphiques, communication, audiovisuel, spectacle;FACONNAGE DE PRODUITS IMPRIMES, ROUTAGE;50.0;2020.0;2NDPRO MET.INDUS.GRAPH.&COMM.2NDE COMM.;0.982365145228;947.0;964.0;40032206;23810032210;400.0;40032210;2NDPRO32210;4.0;18
2019;BACPRO REALISATION DE PRODUITS IMPRIMES ET PLURIMEDIA OPTION A PRODUCTIONS GRAPHIQUES;BACPRO;Industries graphiques, communication, audiovisuel, spectacle;REALISATION DE PRODUITS IMPRIMES ET PLURIMEDIA OPTION A PRODUCTIONS GRAPHIQUES;23.9;2020.0;2NDPRO MET.INDUS.GRAPH.&COMM.2NDE COMM.;0.982365145228;947.0;964.0;40032207;23810032210;400.0;40032210;2NDPRO32210;54.0;514
2019;BACPRO TECHNIQUES D'INTERVENTIONS SUR INSTALLATIONS NUCLEAIRES;BACPRO;Electricité, électronique/numérique, environnement;TECHNIQUES D'INTERVENTIONS SUR INSTALLATIONS NUCLEAIRES;45.0;2020.0;2NDPRO TECHN.D'INTERV.SUR INSTALL. NUCL.;1.22916666667;118.0;96.0;40034305;23810034305;400.0;40034305;2NDPRO34305;18.0;72
2019;CAP MENUISIER ALUMINIUM-VERRE;CAP;Construction, bâtiment, travaux publics;MENUISIER ALUMINIUM-VERRE;33.5;2020.0;1CAP2  MENUISIER ALUMINIUM-VERRE;0.764957264957;179.0;234.0;50023322;23210023322;500.0;50023322;1CAP223322;185.0;127
2019;CAP SERRURIER METALLIER;CAP;Construction, bâtiment, travaux publics;SERRURIER METALLIER;40.2;2020.0;1CAP2  SERRURIER METALLIER;0.827046263345;1162.0;1405.0;50025431;23210025431;500.0;50025431;1CAP225431;720.0;877
2019;CAP AGENT DE PROPRETE ET D'HYGIENE;CAP;Santé, social, services à la personne et à la collectivité;AGENT DE PROPRETE ET D'HYGIENE;22.5;2020.0;1CAP2  AGENT DE PROPRETE ET D'HYGIENE;0.677514792899;458.0;676.0;50034307;23210034307;500.0;50034307;1CAP234307;230.0;420
2019;CAP POISSONNIER ECAILLER;CAP;Alimentation, hôtellerie, restauration, tourisme;POISSONNIER ECAILLER;51.3;2020.0;1CAP2  POISSONNIER ECAILLER;0.390243902439;16.0;41.0;50031221;23210031221;500.0;50031221;1CAP231221;68.0;11
2019;BACPRO MAINTENANCE NAUTIQUE;BACPRO;Mer;MAINTENANCE NAUTIQUE;35.5;2020.0;2NDPRO MAINTENANCE NAUTIQUE;0.9825708061;451.0;459.0;40025009;23810025009;400.0;40025009;2NDPRO25009;52.0;340
2019;BACPRO MAINTENANCE DES VEHICULES OPTION A VOITURES PARTICULIERES;BACPRO;Automobile, engins;MAINTENANCE DES VEHICULES OPTION A VOITURES PARTICULIERES;57.8;2020.0;2NDPRO MAINT.VEHIC.OPTA VOIT.PARTICUL.;1.72162576687;2245.0;1304.0;40025214;23810025214;400.0;40025214;2NDPRO25214;1926.0;3610
2019;BACPRO COMMERCE;BACPRO;Relation client, commerce, vente;COMMERCE;41.8;2020.0;2NDPRO MET. RELATION CLIENT 2NDE COMMUNE;1.16917171978;36249.0;31004.0;40031202;23810031211;400.0;40031211;2NDPRO31211;2349.0;17570
2019;CAP MAINTENANCE DES VEHICULES OPTION A VOITURES PARTICULIERES;CAP;Automobile, engins;MAINTENANCE DES VEHICULES OPTION A VOITURES PARTICULIERES;42.5;2020.0;1CAP2  MAINT.VEHIC.OPTA VOIT.PARTICUL.;2.87722908093;4195.0;1458.0;50025218;23210025218;500.0;50025218;1CAP225218;3789.0;5516
2019;CAP ACCOMPAGNANT EDUCATIF PETITE ENFANCE;CAP;Santé, social, services à la personne et à la collectivité;ACCOMPAGNANT EDUCATIF PETITE ENFANCE;29.0;2020.0;1CAP2  ACCOMPAG. EDUCATIF PETITE ENFANCE;2.16512549538;3278.0;1514.0;50033204;23210033204;500.0;50033204;1CAP233204;1205.0;2301
2019;BACPRO ARTISANAT ET METIERS D'ART OPTION : VERRERIE SCIENTIFIQUE ET TECHNIQUE;BACPRO;Métiers d'art;ARTISANAT ET METIERS D'ART OPTION : VERRERIE SCIENTIFIQUE ET TECHNIQUE;80.0;2020.0;2NDPRO ARTIS. ET MET. D'ART 2NDE COMMUNE;0.725;29.0;40.0;40022402;23810022404;400.0;40022404;2NDPRO22404;0.0;11
2019;BACPRO ARTISANAT ET METIERS D'ART OPTION : METIERS DE L'ENSEIGNE ET DE LA SIGNALETIQUE;BACPRO;Industries graphiques, communication, audiovisuel, spectacle;ARTISANAT ET METIERS D'ART OPTION : METIERS DE L'ENSEIGNE ET DE LA SIGNALETIQUE;34.1;2020.0;2NDPRO ARTIS.& MET.ART:MET.ENSEIG SIGNAL;0.655172413793;57.0;87.0;40022403;23810022403;400.0;40022403;2NDPRO22403;9.0;125
2019;BACPRO PLASTIQUES ET COMPOSITES;BACPRO;Biochimie industrielle;PLASTIQUES ET COMPOSITES;36.8;2020.0;2NDPRO PLASTIQUES ET COMPOSITES;0.371962616822;199.0;535.0;40022503;23810022503;400.0;40022503;2NDPRO22503;51.0;321
2019;BACPRO TECHNICIEN EN INSTALLATION DES SYSTEMES ENERGETIQUES ET CLIMATIQUES;BACPRO;Electricité, électronique/numérique, environnement;TECHNICIEN EN INSTALLATION DES SYSTEMES ENERGETIQUES ET CLIMATIQUES;46.2;2020.0;2NDPRO TECHN.INSTALL.SYST.ENERG.CLIMATIQ;0.699154428126;1571.0;2247.0;40022703;23810022703;400.0;40022703;2NDPRO22703;193.0;1071
2019;BACPRO TECHNICIEN D'USINAGE;BACPRO;Productique, mécanique, automatisation;TECHNICIEN D'USINAGE;47.7;2020.0;2NDPRO TECHNICIEN D'USINAGE;0.573416331014;1566.0;2731.0;40025106;23810025106;400.0;40025106;2NDPRO25106;481.0;1655
2019;CAP BOULANGER;CAP;Alimentation, hôtellerie, restauration, tourisme;BOULANGER;56.9;2020.0;1CAP2  BOULANGER;1.45726495726;341.0;234.0;50022137;23210022137;500.0;50022137;1CAP222137;3893.0;517
2019;CAP AERONAUTIQUE OPTION STRUCTURES;CAP;Aéronautique;AERONAUTIQUE OPTION STRUCTURES;58.3;2020.0;1CAP2  AERONAUTIQUE OPTION STRUCTURES;1.04166666667;25.0;24.0;50025307;23210025307;500.0;50025307;1CAP225307;31.0;246
2019;CAP METIERS DE LA GRAVURE OPTION C : GRAVURE EN MODELE;CAP;Industries graphiques, communication, audiovisuel, spectacle;METIERS DE LA GRAVURE OPTION C : GRAVURE EN MODELE;25.0;2020.0;1CAP2 METIERS DE LA GRAVURE : MODELE;0.2;1.0;5.0;50032222;23210032222;500.0;50032222;1CAP232222;0.0;5
2019;BACPRO TECHNICIEN DU BATIMENT : ORGANISATION ET REALISATION DU GROS OEUVRE;BACPRO;Construction, bâtiment, travaux publics;TECHNICIEN DU BATIMENT : ORGANISATION ET REALISATION DU GROS OEUVRE;45.8;2020.0;2NDPRO TECHNICIEN BAT. : ORG.REAL.GROS O;1.0;46.0;46.0;40023203;23810023203;400.0;40023203;2NDPRO23203;136.0;631
2019;BACPRO TECHNICIEN EN APPAREILLAGE ORTHOPEDIQUE;BACPRO;Santé, social, services à la personne et à la collectivité;TECHNICIEN EN APPAREILLAGE ORTHOPEDIQUE;34.5;2020.0;2NDPRO TECHNICIEN APPAREIL. ORTHOPEDIQUE;0.877192982456;50.0;57.0;40033103;23810033103;400.0;40033103;2NDPRO33103;0.0;49
2019;CAP ARTS DU BOIS OPTION A : SCULPTEUR ORNEMANISTE;CAP;Métiers d'art;ARTS DU BOIS OPTION A : SCULPTEUR ORNEMANISTE;36.2;2020.0;1CAP2 ARTS BOIS OP_A: SCULPTEUR ORNEMA.;0.653846153846;34.0;52.0;50023430;23210023430;500.0;50023430;1CAP223430;0.0;81
2019;BACPRO INTERVENTIONS SUR LE PATRIMOINE BATI, OPTION B CHARPENTE;BACPRO;Construction, bâtiment, travaux publics;INTERVENTIONS SUR LE PATRIMOINE BATI, OPTION B CHARPENTE;0.0;2020.0;2NDPRO MET.CON.DUR.BAT.&TRA.PUB.2NDE COM;0.704670609831;3455.0;4903.0;40023206;23810020006;400.0;40020006;2NDPRO20006;1.0;8
2019;BACPRO TECHNICIEN DE SCIERIE;BACPRO;Productique, mécanique, automatisation;TECHNICIEN DE SCIERIE;40.0;2020.0;2NDPRO TECHNICIEN DE SCIERIE;1.26666666667;19.0;15.0;40023406;23810023406;400.0;40023406;2NDPRO23406;2.0;15
2019;BACPRO METIERS DU CUIR OPTION SELLERIE GARNISSAGE;BACPRO;Textile, habillement, cuir;METIERS DU CUIR OPTION SELLERIE GARNISSAGE;46.2;2020.0;2NDPRO METIERS DU CUIR 2NDE COMMUNE;0.586956521739;162.0;276.0;40024303;23810024304;400.0;40024304;2NDPRO24304;1.0;13
2019;BACPRO AVIATION GENERALE;BACPRO;Aéronautique;AVIATION GENERALE;18.8;2020.0;2NDPRO MET. DE L'AERONAUTIQUE 2NDE COMM.;2.04671532847;1402.0;685.0;40025305;23810025307;400.0;40025307;2NDPRO25307;4.0;20
2019;BACPRO CONSTRUCTION DES CARROSSERIES;BACPRO;Automobile, engins;CONSTRUCTION DES CARROSSERIES;60.0;2020.0;2NDPRO CONSTRUCTION DES CARROSSERIES;0.550847457627;65.0;118.0;40025410;23810025410;400.0;40025410;2NDPRO25410;23.0;58
2019;BACPRO SYSTEMES NUMERIQUES OPTION A SURETE ET SECURITE DES INFRASTRUCTURES, DE L'HABITAT ET DU TERTIAIRE;BACPRO;Electricité, électronique/numérique, environnement;SYSTEMES NUMERIQUES OPTION A SURETE ET SECURITE DES INFRASTRUCTURES, DE L'HABITAT ET DU TERTIAIRE;34.1;2020.0;2NDPRO SYSTEMES NUMERIQUES 2NDE COMMUNE;1.5346383239;10035.0;6539.0;40025513;23810025516;400.0;40025516;2NDPRO25516;3.0;988
2019;BACPRO ACCOMPAGNEMENT SOINS ET SERVICES A LA PERSONNE OPTION A - A DOMICILE;BACPRO;Santé, social, services à la personne et à la collectivité;ACCOMPAGNEMENT SOINS ET SERVICES A LA PERSONNE OPTION A - A DOMICILE;31.1;2020.0;2NDPRO ACC.SOINS-S.PERS. OPT.A DOMICILE;0.677233429395;235.0;347.0;40033003;23810033003;400.0;40033003;2NDPRO33003;0.0;2557
2019;CAP MODELES ET MOULES CERAMIQUES;CAP;Métiers d'art;MODELES ET MOULES CERAMIQUES;66.7;2020.0;1CAP2 MODELES ET MOULES CERAMIQUES;0.5;9.0;18.0;50022420;23210022420;500.0;50022420;1CAP222420;1.0;5
2019;CAP METIERS DE LA MODE : CHAPELIER-MODISTE;CAP;Textile, habillement, cuir;METIERS DE LA MODE : CHAPELIER-MODISTE;53.8;2020.0;1CAP2  METIERS MODE CHAPELIER-MODISTE;0.555555555556;10.0;18.0;50024242;23210024242;500.0;50024242;1CAP224242;3.0;39
2019;CAP HORLOGERIE;CAP;Métiers d'art;HORLOGERIE;39.1;2020.0;1CAP2  HORLOGERIE;1.77235772358;218.0;123.0;50025137;23210025137;500.0;50025137;1CAP225137;12.0;136
2019;CAP REALISATIONS INDUSTRIELLES EN CHAUDRONNERIE OU SOUDAGE OPTION A CHAUDRONNERIE;CAP;Productique, mécanique, automatisation;REALISATIONS INDUSTRIELLES EN CHAUDRONNERIE OU SOUDAGE OPTION A CHAUDRONNERIE;41.2;2020.0;1CAP2  REAL.IND.CHAUD.SOUD. OP.A CHAUDR.;1.0487804878;774.0;738.0;50025437;23210025437;500.0;50025437;1CAP225437;512.0;2130
2019;CAP SIGNALETIQUE ET DECORS GRAPHIQUES;CAP;Industries graphiques, communication, audiovisuel, spectacle;SIGNALETIQUE ET DECORS GRAPHIQUES;32.3;2020.0;1CAP2  SIGNALETIQUE ET DECORS GRAPHIQUES;1.35889570552;443.0;326.0;50032227;23210032227;500.0;50032227;1CAP232227;97.0;368
2019;CAP ORTHO-PROTHESISTE;CAP;Santé, social, services à la personne et à la collectivité;ORTHO-PROTHESISTE;30.8;2020.0;1CAP2 ORTHO-PROTHESISTE;0.538461538462;21.0;39.0;50033106;23210033106;500.0;50033106;1CAP233106;0.0;17
2019;BACPRO PILOTE DE LIGNE DE PRODUCTION;BACPRO;Productique, mécanique, automatisation;PILOTE DE LIGNE DE PRODUCTION;41.6;2020.0;2NDPRO PILOTE DE LIGNE DE PRODUCTION;0.472131147541;144.0;305.0;40020102;23810020102;400.0;40020102;2NDPRO20102;148.0;211
2019;BACPRO TECHNICIEN D'ETUDES DU BATIMENT OPTION B : ASSISTANT EN ARCHITECTURE;BACPRO;Construction, bâtiment, travaux publics;TECHNICIEN D'ETUDES DU BATIMENT OPTION B : ASSISTANT EN ARCHITECTURE;31.3;2020.0;2NDPRO MET.ETUD.MODELIS.NUMER.2NDE COMM.;0.850659425912;2193.0;2578.0;40023005;23810023007;400.0;40023007;2NDPRO23007;9.0;882
2019;BACPRO AMENAGEMENT ET FINITIONS DU BATIMENT;BACPRO;Construction, bâtiment, travaux publics;AMENAGEMENT ET FINITIONS DU BATIMENT;34.1;2020.0;2NDPRO AMENAGEMENT FINITION BATIMENT;;0.0;0.0;40023304;23810023304;400.0;40023304;2NDPRO23304;29.0;640
2019;BACPRO ARTISANAT ET METIERS D'ART OPTION MARCHANDISAGE VISUEL;BACPRO;Industries graphiques, communication, audiovisuel, spectacle;ARTISANAT ET METIERS D'ART OPTION MARCHANDISAGE VISUEL;22.8;2020.0;2NDPRO ARTIS. & M.ART:MARCHANDISAGE VIS.;1.0;367.0;367.0;40023003;23810023003;400.0;40023003;2NDPRO23003;0.0;308
2019;BACPRO TECHNICIEN DE FABRICATION BOIS ET MATERIAUX ASSOCIES;BACPRO;Construction, bâtiment, travaux publics;TECHNICIEN DE FABRICATION BOIS ET MATERIAUX ASSOCIES;43.2;2020.0;2NDPRO TECHNIC.FAB.BOIS ET MATERX ASSOC.;0.684901531729;313.0;457.0;40023407;23810023407;400.0;40023407;2NDPRO23407;19.0;264
2019;BACPRO METIERS DU CUIR OPTION CHAUSSURES;BACPRO;Textile, habillement, cuir;METIERS DU CUIR OPTION CHAUSSURES;28.6;2020.0;2NDPRO METIERS DU CUIR 2NDE COMMUNE;0.586956521739;162.0;276.0;40024301;23810024304;400.0;40024304;2NDPRO24304;0.0;11
2019;BACPRO AERONAUTIQUE OPTION STRUCTURE;BACPRO;Aéronautique;AERONAUTIQUE OPTION STRUCTURE;56.6;2020.0;2NDPRO MET. DE L'AERONAUTIQUE 2NDE COMM.;2.04671532847;1402.0;685.0;40025304;23810025307;400.0;40025307;2NDPRO25307;94.0;183
2019;CAP MENUISIER INSTALLATEUR;CAP;Construction, bâtiment, travaux publics;MENUISIER INSTALLATEUR;49.4;2020.0;1CAP2  MENUISIER INSTALLATEUR;0.841095890411;307.0;365.0;50023442;23210023442;500.0;50023442;1CAP223442;761.0;188
2019;CAP MAINTENANCE DES VEHICULES OPTION B VEHICULES DE TRANSPORT ROUTIER;CAP;Automobile, engins;MAINTENANCE DES VEHICULES OPTION B VEHICULES DE TRANSPORT ROUTIER;39.3;2020.0;1CAP2  MAINT.VEHIC.OPTB VEHIC.TRANS.ROUT;1.37837837838;255.0;185.0;50025219;23210025219;500.0;50025219;1CAP225219;568.0;675
2019;"CAP CONDUCTEUR ROUTIER ""MARCHANDISES""";CAP;Gestion-administration, transport, logistique, sécurité;"CONDUCTEUR ROUTIER ""MARCHANDISES""";71.6;2020.0;1CAP2  CONDUCTEUR ROUTIER MARCHANDISES;2.12820512821;249.0;117.0;50031117;23210031117;500.0;50031117;1CAP231117;959.0;464
2019;BACPRO ARTISANAT ET METIERS D'ART OPTION : TAPISSIER D'AMEUBLEMENT;BACPRO;Textile, habillement, cuir;ARTISANAT ET METIERS D'ART OPTION : TAPISSIER D'AMEUBLEMENT;31.8;2020.0;2NDPRO ARTIS.& MET.ART:TAPIS.D'AMEUBLT;0.509225092251;138.0;271.0;40024202;23810024202;400.0;40024202;2NDPRO24202;0.0;174
2019;BACPRO METIERS DU CUIR OPTION MAROQUINERIE;BACPRO;Textile, habillement, cuir;METIERS DU CUIR OPTION MAROQUINERIE;45.7;2020.0;2NDPRO METIERS DU CUIR 2NDE COMMUNE;0.586956521739;162.0;276.0;40024302;23810024304;400.0;40024304;2NDPRO24304;27.0;170
2019;CAP DEMENAGEUR SUR VEHICULE UTILITAIRE LEGER;CAP;Gestion-administration, transport, logistique, sécurité;DEMENAGEUR SUR VEHICULE UTILITAIRE LEGER;43.3;2020.0;1CAP2  DEMENAGEUR VEHIC.UTILITAIRE LEGER;1.25;15.0;12.0;50031119;23210031119;500.0;50031119;1CAP231119;27.0;7
2019;BACPRO ETUDE ET DEFINITION DE PRODUITS INDUSTRIELS;BACPRO;Productique, mécanique, automatisation;ETUDE ET DEFINITION DE PRODUITS INDUSTRIELS;25.8;2020.0;2NDPRO ETUD.DEFINITION PRDTS INDUSTRIELS;0.570675105485;541.0;948.0;40020002;23810020002;400.0;40020002;2NDPRO20002;0.0;523
2019;BACPRO TECHNICIEN DE MAINTENANCE DES SYSTEMES ENERGETIQUES ET CLIMATIQUES;BACPRO;Electricité, électronique/numérique, environnement;TECHNICIEN DE MAINTENANCE DES SYSTEMES ENERGETIQUES ET CLIMATIQUES;46.1;2020.0;2NDPRO TECHN. MAINT. SYST.ENERG.CLIMATIQ;0.658359293873;634.0;963.0;40022704;23810022704;400.0;40022704;2NDPRO22704;196.0;799
2019;BACPRO METIERS ET ARTS DE LA PIERRE;BACPRO;Métiers d'art;METIERS ET ARTS DE LA PIERRE;65.0;2020.0;2NDPRO METIERS ET ARTS DE LA PIERRE;0.471264367816;41.0;87.0;40023208;23810023208;400.0;40023208;2NDPRO23208;7.0;35
2019;BACPRO MAINTENANCE DES MATERIELS OPTION B MATERIELS DE CONSTRUCTION ET DE MANUTENTION;BACPRO;Automobile, engins;MAINTENANCE DES MATERIELS OPTION B MATERIELS DE CONSTRUCTION ET DE MANUTENTION;65.0;2020.0;2NDPRO MAINT.MATERIELS OPT.B CONS.MANUT.;0.535211267606;38.0;71.0;40025220;23810025220;400.0;40025220;2NDPRO25220;137.0;375
2019;BACPRO CONDUCTEUR TRANSPORT ROUTIER MARCHANDISES;BACPRO;Gestion-administration, transport, logistique, sécurité;CONDUCTEUR TRANSPORT ROUTIER MARCHANDISES;68.6;2020.0;2NDPRO CONDUCT. TRANSP.ROUT.MARCHANDISES;1.60213618158;2400.0;1498.0;40031107;23810031107;400.0;40031107;2NDPRO31107;5.0;1116
2019;CAP TOURNAGE EN CERAMIQUE;CAP;Métiers d'art;TOURNAGE EN CERAMIQUE;14.3;2020.0;1CAP2 TOURNAGE EN CERAMIQUE;0.416666666667;10.0;24.0;50022421;23210022421;500.0;50022421;1CAP222421;3.0;19
2019;CAP REALISATIONS INDUSTRIELLES EN CHAUDRONNERIE OU SOUDAGE OPTION B SOUDAGE;CAP;Productique, mécanique, automatisation;REALISATIONS INDUSTRIELLES EN CHAUDRONNERIE OU SOUDAGE OPTION B SOUDAGE;60.8;2020.0;1CAP2  REAL.IND.CHAUD.SOUD. OP.B SOUDAGE;1.02631578947;78.0;76.0;50025438;23210025438;500.0;50025438;1CAP225438;37.0;33
2019;BACPRO TECHNICIEN D'ETUDES DU BATIMENT OPTION A : ETUDES ET ECONOMIE;BACPRO;Construction, bâtiment, travaux publics;TECHNICIEN D'ETUDES DU BATIMENT OPTION A : ETUDES ET ECONOMIE;39.8;2020.0;2NDPRO MET.ETUD.MODELIS.NUMER.2NDE COMM.;0.850659425912;2193.0;2578.0;40023004;23810023007;400.0;40023007;2NDPRO23007;41.0;912
2019;CAP PROPRETE DE L'ENVIRONNEMENT URBAIN - COLLECTE ET RECYCLAGE;CAP;Electricité, électronique/numérique, environnement;PROPRETE DE L'ENVIRONNEMENT URBAIN - COLLECTE ET RECYCLAGE;41.7;2020.0;1CAP2  PROPR.ENVIR.URBAIN-COLLEC.RECYCL;0.510638297872;24.0;47.0;50022005;23210022005;500.0;50022005;1CAP222005;18.0;21
2019;CAP INDUSTRIES CHIMIQUES;CAP;Biochimie industrielle;INDUSTRIES CHIMIQUES;0.0;2020.0;1CAP2 INDUSTRIES CHIMIQUES;0.555555555556;5.0;9.0;50022201;23210022201;500.0;50022201;1CAP222201;0.0;7
2019;CAP METIERS DE LA BLANCHISSERIE;CAP;Textile, habillement, cuir;METIERS DE LA BLANCHISSERIE;19.0;2020.0;1CAP2  METIERS DE LA BLANCHISSERIE;0.426229508197;26.0;61.0;50024006;23210024006;500.0;50024006;1CAP224006;11.0;34
2019;CAP MAINTENANCE DES MATERIELS OPTION B MATERIELS DE CONSTRUCTION ET DE MANUTENTION;CAP;Automobile, engins;MAINTENANCE DES MATERIELS OPTION B MATERIELS DE CONSTRUCTION ET DE MANUTENTION;42.4;2020.0;1CAP2  MAINT.MATERIELS OPT.B CONS.MANUT.;0.991666666667;119.0;120.0;50025222;23210025222;500.0;50025222;1CAP225222;195.0;528
2019;BACPRO MICROTECHNIQUES;BACPRO;Productique, mécanique, automatisation;MICROTECHNIQUES;32.7;2020.0;2NDPRO MICROTECHNIQUES;0.886896551724;643.0;725.0;40025006;23810025006;400.0;40025006;2NDPRO25006;10.0;574
2019;BACPRO PHOTOGRAPHIE;BACPRO;Industries graphiques, communication, audiovisuel, spectacle;PHOTOGRAPHIE;21.8;2020.0;2NDPRO PHOTOGRAPHIE;2.18656716418;586.0;268.0;40032304;23810032304;400.0;40032304;2NDPRO32304;7.0;300
2019;BACPRO GESTION DES POLLUTIONS ET PROTECTION DE L'ENVIRONNEMENT;BACPRO;Electricité, électronique/numérique, environnement;GESTION DES POLLUTIONS ET PROTECTION DE L'ENVIRONNEMENT;13.5;2020.0;2NDPRO GEST. POLLUTIONS PROTEC. ENVIRON.;0.397590361446;33.0;83.0;40034303;23810034303;400.0;40034303;2NDPRO34303;6.0;55
2019;CAP ART ET TECHNIQUES DE LA BIJOUTERIE-JOAILLERIE OPTION BIJOUTERIE-SERTISSAGE;CAP;Métiers d'art;ART ET TECHNIQUES DE LA BIJOUTERIE-JOAILLERIE OPTION BIJOUTERIE-SERTISSAGE;70.6;2020.0;1CAP2  ART TEC BIJ.JOAILL.OP.BIJ.SERTIS.;1.07407407407;29.0;27.0;50022362;23210022362;500.0;50022362;1CAP222362;26.0;47
2019;CAP CONDUCTEUR D'ENGINS : TRAVAUX PUBLICS ET CARRIERES;CAP;Construction, bâtiment, travaux publics;CONDUCTEUR D'ENGINS : TRAVAUX PUBLICS ET CARRIERES;66.7;2020.0;1CAP2  CONDUCT ENGINS TVX PUB. CARRIERES;2.21660649819;614.0;277.0;50023118;23210023118;500.0;50023118;1CAP223118;468.0;385
2019;CAP TRANSPORT PAR CABLES ET REMONTEES MECANIQUES;CAP;Productique, mécanique, automatisation;TRANSPORT PAR CABLES ET REMONTEES MECANIQUES;62.5;2020.0;1CAP2  TRANSPORT CABLES-REMONTEES MECA.;1.08333333333;26.0;24.0;50025134;23210025134;500.0;50025134;1CAP225134;1.0;22
2019;CAP OPERATEUR/OPERATRICE LOGISTIQUE;CAP;Gestion-administration, transport, logistique, sécurité;OPERATEUR/OPERATRICE LOGISTIQUE;26.4;2020.0;1CAP2  OPERATEUR/OPERATRICE LOGISTIQUE;1.16470588235;1386.0;1190.0;50031122;23210031122;500.0;50031122;1CAP231122;199.0;836
2019;CAP ASSISTANT TECHNIQUE EN INSTRUMENTS DE MUSIQUE OPTION GUITARE;CAP;Industries graphiques, communication, audiovisuel, spectacle;ASSISTANT TECHNIQUE EN INSTRUMENTS DE MUSIQUE OPTION GUITARE;0.0;2020.0;1CAP2  ASS.TECH.INSTR.MUSIQ. : GUITARE;;0.0;0.0;50032313;23210032313;500.0;50032313;1CAP232313;6.0;12
2019;BACPRO ETUDE ET REALISATION D'AGENCEMENT;BACPRO;Construction, bâtiment, travaux publics;ETUDE ET REALISATION D'AGENCEMENT;28.3;2020.0;2NDPRO ETUDE ET REALISATION D'AGENCEMENT;1.24489795918;549.0;441.0;40023408;23810023408;400.0;40023408;2NDPRO23408;0.0;303
2019;BACPRO TRANSPORT FLUVIAL;BACPRO;Gestion-administration, transport, logistique, sécurité;TRANSPORT FLUVIAL;70.3;2020.0;2NDPRO TRANSPORT FLUVIAL;0.53125;17.0;32.0;40031109;23810031109;400.0;40031109;2NDPRO31109;16.0;23
2019;CAP STAFFEUR ORNEMANISTE;CAP;Métiers d'art;STAFFEUR ORNEMANISTE;36.4;2020.0;1CAP2 STAFFEUR ORNEMANISTE;0.529411764706;27.0;51.0;50023311;23210023311;500.0;50023311;1CAP223311;3.0;28
2019;CAP SELLERIE GENERALE;CAP;Textile, habillement, cuir;SELLERIE GENERALE;50.0;2020.0;1CAP2  SELLERIE GENERALE;0.448275862069;26.0;58.0;50024318;23210024318;500.0;50024318;1CAP224318;43.0;31
2019;CAP AERONAUTIQUE OPTION AVIONIQUE;CAP;Aéronautique;AERONAUTIQUE OPTION AVIONIQUE;40.0;2020.0;1CAP2  AERONAUTIQUE OPTION AVIONIQUE;1.575;63.0;40.0;50025305;23210025305;500.0;50025305;1CAP225305;17.0;158
2019;CAP FERRONNIER D'ART;CAP;Métiers d'art;FERRONNIER D'ART;34.5;2020.0;1CAP2  FERRONNIER D'ART;1.08461538462;141.0;130.0;50025436;23210025436;500.0;50025436;1CAP225436;33.0;99
2019;BACPRO BOULANGER-PÂTISSIER;BACPRO;Alimentation, hôtellerie, restauration, tourisme;BOULANGER-PÂTISSIER;50.3;2020.0;2NDPRO BOULANGER-PÂTISSIER;2.36666666667;284.0;120.0;40022105;23810022105;400.0;40022105;2NDPRO22105;163.0;1092
2019;BACPRO MAINTENANCE DES VEHICULES OPTION C MOTOCYCLES;BACPRO;Automobile, engins;MAINTENANCE DES VEHICULES OPTION C MOTOCYCLES;56.3;2020.0;2NDPRO MAINTENANCE VEHIC. 2NDE COMMUNE;1.51588594705;7443.0;4910.0;40025216;23810025218;400.0;40025218;2NDPRO25218;164.0;511
2019;BACPRO OUVRAGES DU BATIMENT : METALLERIE;BACPRO;Construction, bâtiment, travaux publics;OUVRAGES DU BATIMENT : METALLERIE;43.9;2020.0;2NDPRO MET.CON.DUR.BAT.&TRA.PUB.2NDE COM;0.704670609831;3455.0;4903.0;40025406;23810020006;400.0;40020006;2NDPRO20006;45.0;367
2019;BACPRO POISSONNIER-ECAILLER-TRAITEUR;BACPRO;Alimentation, hôtellerie, restauration, tourisme;POISSONNIER-ECAILLER-TRAITEUR;40.0;2020.0;2NDPRO MET. DE L'ALIMENTAT. 2NDE COMMUNE;2.25493562232;2627.0;1165.0;40031209;23810022107;400.0;40022107;2NDPRO22107;21.0;7
2019;BACPRO ACCOMPAGNEMENT SOINS ET SERVICES A LA PERSONNE OPTION B - EN STRUCTURE;BACPRO;Santé, social, services à la personne et à la collectivité;ACCOMPAGNEMENT SOINS ET SERVICES A LA PERSONNE OPTION B - EN STRUCTURE;29.4;2020.0;2NDPRO ACC.SOINS-S.PERS. OPT.EN STRUCTUR;1.43793103448;2502.0;1740.0;40033004;23810033004;400.0;40033004;2NDPRO33004;64.0;14046
2019;BACPRO MAINTENANCE DES MATERIELS OPTION A MATERIELS AGRICOLES;BACPRO;Automobile, engins;MAINTENANCE DES MATERIELS OPTION A MATERIELS AGRICOLES;65.6;2020.0;2NDPRO MAINT.MATERIELS OPT.A AGRICOLES;1.31034482759;114.0;87.0;40025219;23810025219;400.0;40025219;2NDPRO25219;281.0;501
2019;BACPRO AERONAUTIQUE OPTION SYSTEMES;BACPRO;Aéronautique;AERONAUTIQUE OPTION SYSTEMES;43.5;2020.0;2NDPRO MET. DE L'AERONAUTIQUE 2NDE COMM.;2.04671532847;1402.0;685.0;40025303;23810025307;400.0;40025307;2NDPRO25307;223.0;338
2019;BACPRO POISSONNIER-ECAILLER-TRAITEUR;BACPRO;Alimentation, hôtellerie, restauration, tourisme;POISSONNIER-ECAILLER-TRAITEUR;40.0;2020.0;2NDPRO POISSONNIER-ECAILLER-TRAITEUR;0.0;0.0;12.0;40031209;23810031209;400.0;40031209;2NDPRO31209;21.0;7
2019;BACPRO ARTISANAT ET METIERS D'ART OPTION : COMMUNICATION VISUELLE PLURI-MEDIA;BACPRO;Industries graphiques, communication, audiovisuel, spectacle;ARTISANAT ET METIERS D'ART OPTION : COMMUNICATION VISUELLE PLURI-MEDIA;22.3;2020.0;2NDPRO ART.& MET.ART:COM.VIS.VIS.PLURI-M;2.72585227273;1919.0;704.0;40032303;23810032303;400.0;40032303;2NDPRO32303;33.0;1322
2019;CAP METIER DU PRESSING;CAP;Textile, habillement, cuir;METIER DU PRESSING;18.9;2020.0;1CAP2  METIER DU PRESSING;0.4375;119.0;272.0;50024005;23210024005;500.0;50024005;1CAP224005;4.0;133
2019;CAP AGENT DE SECURITE;CAP;Gestion-administration, transport, logistique, sécurité;AGENT DE SECURITE;31.3;2020.0;1CAP2  AGENT DE SECURITE;1.21668472373;1123.0;923.0;50034405;23210034405;500.0;50034405;1CAP234405;38.0;3135
2019;BACPRO METIERS DU PRESSING ET DE LA BLANCHISSERIE;BACPRO;Textile, habillement, cuir;METIERS DU PRESSING ET DE LA BLANCHISSERIE;29.4;2020.0;2NDPRO METIERS PRESSING BLANCHISSERIE;0.0444444444444;2.0;45.0;40024002;23810024002;400.0;40024002;2NDPRO24002;0.0;13
2019;BACPRO SYSTEMES NUMERIQUES OPTION A SURETE ET SECURITE DES INFRASTRUCTURES, DE L'HABITAT ET DU TERTIAIRE;BACPRO;Electricité, électronique/numérique, environnement;SYSTEMES NUMERIQUES OPTION A SURETE ET SECURITE DES INFRASTRUCTURES, DE L'HABITAT ET DU TERTIAIRE;34.1;2020.0;2NDPRO SYST.NUM.OPT.A SURETE SECURITE;0.533333333333;8.0;15.0;40025513;23810025513;400.0;40025513;2NDPRO25513;3.0;988
2019;BACPRO GESTION-ADMINISTRATION;BACPRO;Gestion-administration, transport, logistique, sécurité;GESTION-ADMINISTRATION;31.6;2020.0;2NDPRO MET.GEST.ADM.,TRA.&LOG.2NDE COMM.;0.90085692028;17346.0;19255.0;40030001;23810030003;400.0;40030003;2NDPRO30003;653.0;18297
2019;CAP TAILLEUR DE PIERRE;CAP;Métiers d'art;TAILLEUR DE PIERRE;65.2;2020.0;1CAP2  TAILLEUR DE PIERRE;0.393939393939;52.0;132.0;50023220;23210023220;500.0;50023220;1CAP223220;66.0;52
2019;CAP METIERS DE L'ENSEIGNE ET DE LA SIGNALETIQUE;CAP;Industries graphiques, communication, audiovisuel, spectacle;METIERS DE L'ENSEIGNE ET DE LA SIGNALETIQUE;29.4;2020.0;1CAP2  METIERS ENSEIGNE SIGNALETIQUE;0.615384615385;24.0;39.0;50025521;23210025521;500.0;50025521;1CAP225521;2.0;24
2019;CAP CONDUCTEUR LIVREUR DE MARCHANDISES;CAP;Gestion-administration, transport, logistique, sécurité;CONDUCTEUR LIVREUR DE MARCHANDISES;28.0;2020.0;1CAP2  CONDUCTEUR LIVREUR MARCHANDISES;1.59090909091;385.0;242.0;50031118;23210031118;500.0;50031118;1CAP231118;29.0;1465
2019;BACPRO FONDERIE;BACPRO;Productique, mécanique, automatisation;FONDERIE;69.4;2020.0;2NDPRO FONDERIE;0.43956043956;40.0;91.0;40022303;23810022303;400.0;40022303;2NDPRO22303;6.0;32
2019;BACPRO MENUISERIE ALUMINIUM-VERRE;BACPRO;Construction, bâtiment, travaux publics;MENUISERIE ALUMINIUM-VERRE;36.2;2020.0;2NDPRO MET.CON.DUR.BAT.&TRA.PUB.2NDE COM;0.704670609831;3455.0;4903.0;40023303;23810020006;400.0;40020006;2NDPRO20006;42.0;220
2019;BACPRO PRODUCTIQUE MECANIQUE OPTION DECOLLETAGE;BACPRO;Productique, mécanique, automatisation;PRODUCTIQUE MECANIQUE OPTION DECOLLETAGE;40.0;2020.0;2NDPRO PRODUCTIQUE MECA. OPT.DECOLLETAGE;0.535714285714;15.0;28.0;40025005;23810025005;400.0;40025005;2NDPRO25005;3.0;31
2019;BACPRO METIERS DE L'ELECTRICITE ET DE SES ENVIRONNEMENTS CONNECTES;BACPRO;Electricité, électronique/numérique, environnement;METIERS DE L'ELECTRICITE ET DE SES ENVIRONNEMENTS CONNECTES;40.5;2020.0;2NDPRO METIERS ELECT. ENVIRON. CONNECTES;0.850114416476;11145.0;13110.0;40025510;23810025510;400.0;40025510;2NDPRO25510;1365.0;9960
2019;BACPRO SYSTEMES NUMERIQUES OPTION C RESEAUX INFORMATIQUES ET SYSTEMES COMMUNICANTS;BACPRO;Electricité, électronique/numérique, environnement;SYSTEMES NUMERIQUES OPTION C RESEAUX INFORMATIQUES ET SYSTEMES COMMUNICANTS;30.9;2020.0;2NDPRO SYST.NUM.OPT.C RES.INF.SYST.COMM.;1.38888888889;50.0;36.0;40025515;23810025515;400.0;40025515;2NDPRO25515;138.0;3878
2019;CAP DOREUR A LA FEUILLE ORNEMANISTE;CAP;Métiers d'art;DOREUR A LA FEUILLE ORNEMANISTE;57.1;2020.0;1CAP2 DOREUR A LA FEUILLE ORNEMANISTE;0.0;0.0;1.0;50022332;23210022332;500.0;50022332;1CAP222332;6.0;0
2019;CAP ARTS DE LA BRODERIE;CAP;Textile, habillement, cuir;ARTS DE LA BRODERIE;25.0;2020.0;1CAP2 ARTS DE LA BRODERIE;0.487179487179;19.0;39.0;50024127;23210024127;500.0;50024127;1CAP224127;1.0;33
2019;CAP AGENT DE LA QUALITE DE L'EAU;CAP;Electricité, électronique/numérique, environnement;AGENT DE LA QUALITE DE L'EAU;12.5;2020.0;1CAP2 AGENT DE LA QUALITE DE L'EAU;0.796610169492;47.0;59.0;50034301;23210034301;500.0;50034301;1CAP234301;0.0;35
2019;CAP CONSTRUCTEUR DE ROUTES;CAP;Construction, bâtiment, travaux publics;CONSTRUCTEUR DE ROUTES;65.9;2020.0;1CAP2  CONSTRUCTEUR DE ROUTES;0.780487804878;64.0;82.0;50023115;23210023115;500.0;50023115;1CAP223115;257.0;25
2019;CAP MAINTENANCE DES MATERIELS OPTION A MATERIELS AGRICOLES;CAP;Automobile, engins;MAINTENANCE DES MATERIELS OPTION A MATERIELS AGRICOLES;41.7;2020.0;1CAP2  MAINT.MATERIELS OPT.A AGRICOLES;1.06;159.0;150.0;50025221;23210025221;500.0;50025221;1CAP225221;335.0;625
2019;CAP AGENT DE PREVENTION ET DE MEDIATION;CAP;Santé, social, services à la personne et à la collectivité;AGENT DE PREVENTION ET DE MEDIATION;13.3;2020.0;1CAP2  AGT PREVENTION MEDIATION;1.0;26.0;26.0;50034002;23210034002;500.0;50034002;1CAP234002;0.0;2305
2019;BACPRO CUISINE;BACPRO;Alimentation, hôtellerie, restauration, tourisme;CUISINE;50.4;2020.0;2NDPRO CUISINE;0.915662650602;684.0;747.0;40022106;23810022106;400.0;40022106;2NDPRO22106;585.0;3992
2019;BACPRO AMENAGEMENT ET FINITIONS DU BATIMENT;BACPRO;Construction, bâtiment, travaux publics;AMENAGEMENT ET FINITIONS DU BATIMENT;34.1;2020.0;2NDPRO MET.CON.DUR.BAT.&TRA.PUB.2NDE COM;0.704670609831;3455.0;4903.0;40023304;23810020006;400.0;40020006;2NDPRO20006;29.0;640
2019;BACPRO TECHNICIEN OUTILLEUR;BACPRO;Productique, mécanique, automatisation;TECHNICIEN OUTILLEUR;44.7;2020.0;2NDPRO TECHNICIEN OUTILLEUR;0.468852459016;143.0;305.0;40025107;23810025107;400.0;40025107;2NDPRO25107;69.0;176
2019;BACPRO LOGISTIQUE;BACPRO;Gestion-administration, transport, logistique, sécurité;LOGISTIQUE;42.4;2020.0;2NDPRO LOGISTIQUE;0.0;0.0;1.0;40031106;23810031106;400.0;40031106;2NDPRO31106;474.0;1749
2019;BACPRO SERVICES DE PROXIMITE ET VIE LOCALE;BACPRO;Santé, social, services à la personne et à la collectivité;SERVICES DE PROXIMITE ET VIE LOCALE;27.5;2020.0;2NDPRO ANIMAT. ENFANCE& PERSONNES AGEES;1.21636828645;2378.0;1955.0;40033002;23810033006;400.0;40033006;2NDPRO33006;5.0;2187
2019;CAP CONDUCTEUR D'INSTALLATIONS DE PRODUCTION;CAP;Biochimie industrielle;CONDUCTEUR D'INSTALLATIONS DE PRODUCTION;24.7;2020.0;1CAP2  CONDUCT. INSTALLATIONS PRODUCTION;0.572243346008;301.0;526.0;50020101;23210020101;500.0;50020101;1CAP220101;43.0;619
2019;CAP PLASTURGIE;CAP;Biochimie industrielle;PLASTURGIE;42.9;2020.0;1CAP2  PLASTURGIE;0.148148148148;4.0;27.0;50022509;23210022509;500.0;50022509;1CAP222509;0.0;14
2019;CAP COUVREUR;CAP;Construction, bâtiment, travaux publics;COUVREUR;64.6;2020.0;1CAP2  COUVREUR;0.53164556962;126.0;237.0;50023218;23210023218;500.0;50023218;1CAP223218;966.0;108
2019;CAP TAPISSIER-TAPISSIERE D'AMEUBLEMENT EN SIEGE;CAP;Textile, habillement, cuir;TAPISSIER-TAPISSIERE D'AMEUBLEMENT EN SIEGE;44.4;2020.0;1CAP2  TAPISSIER-E AMEUBLEMENT EN SIEGE;0.333333333333;16.0;48.0;50024238;23210024238;500.0;50024238;1CAP224238;23.0;40
2019;CAP PEINTURE EN CARROSSERIE;CAP;Automobile, engins;PEINTURE EN CARROSSERIE;63.1;2020.0;1CAP2  PEINTURE EN CARROSSERIE;1.12093023256;482.0;430.0;50025433;23210025433;500.0;50025433;1CAP225433;1080.0;422
2019;BACPRO TECHNICIEN DU FROID ET DU CONDITIONNEMENT D'AIR;BACPRO;Electricité, électronique/numérique, environnement;TECHNICIEN DU FROID ET DU CONDITIONNEMENT D'AIR;39.5;2020.0;2NDPRO TECHNIC. FROID CONDITIONNEMT AIR;0.596638655462;710.0;1190.0;40025509;23810025509;400.0;40025509;2NDPRO25509;93.0;781
2019;BACPRO PROTHESE DENTAIRE;BACPRO;Santé, social, services à la personne et à la collectivité;PROTHESE DENTAIRE;52.3;2020.0;2NDPRO TECHNICIEN EN PROTHESE DENTAIRE;1.76041666667;338.0;192.0;40033102;23810033104;400.0;40033104;2NDPRO33104;63.0;277
2019;CAP MENUISIER FABRICANT DE MENUISERIE, MOBILIER ET AGENCEMENT;CAP;Construction, bâtiment, travaux publics;MENUISIER FABRICANT DE MENUISERIE, MOBILIER ET AGENCEMENT;40.1;2020.0;1CAP2  MENUISIER FABRICT MEN MOB AGENCMT;0.943141852286;1609.0;1706.0;50023441;23210023441;500.0;50023441;1CAP223441;1494.0;1019
2019;CAP METIERS DE LA MODE-VÊTEMENT FLOU;CAP;Textile, habillement, cuir;METIERS DE LA MODE-VÊTEMENT FLOU;18.8;2020.0;1CAP2  METIERS DE LA MODE-VÊTEMENT FLOU;0.847070506455;853.0;1007.0;50024240;23210024240;500.0;50024240;1CAP224240;26.0;699
2019;CAP METIERS DE LA MODE-VÊTEMENT TAILLEUR;CAP;Textile, habillement, cuir;METIERS DE LA MODE-VÊTEMENT TAILLEUR;33.3;2020.0;1CAP2  METIERS DE LA MODE- VÊT. TAILLEUR;0.46;46.0;100.0;50024241;23210024241;500.0;50024241;1CAP224241;28.0;71
2019;CAP REPARATION ENTRETIEN DES EMBARCATIONS DE PLAISANCE;CAP;Mer;REPARATION ENTRETIEN DES EMBARCATIONS DE PLAISANCE;24.1;2020.0;1CAP2  REPAR.ENTR.EMBARCATIONS PLAISANCE;1.17877094972;211.0;179.0;50025217;23210025217;500.0;50025217;1CAP225217;84.0;460
2019;CAP REPARATION DES CARROSSERIES;CAP;Automobile, engins;REPARATION DES CARROSSERIES;41.6;2020.0;1CAP2  REPARATION DES CARROSSERIES;1.46059933407;1316.0;901.0;50025434;23210025434;500.0;50025434;1CAP225434;1621.0;1602
2019;CAP ACCESSOIRISTE REALISATEUR;CAP;Industries graphiques, communication, audiovisuel, spectacle;ACCESSOIRISTE REALISATEUR;30.4;2020.0;1CAP2 ACCESSOIRISTE REALISATEUR;1.5;9.0;6.0;50032307;23210032307;500.0;50032307;1CAP232307;0.0;22
2019;BACPRO ARTISANAT ET METIERS D'ART OPTION : VERRERIE SCIENTIFIQUE ET TECHNIQUE;BACPRO;Métiers d'art;ARTISANAT ET METIERS D'ART OPTION : VERRERIE SCIENTIFIQUE ET TECHNIQUE;80.0;2020.0;2NDPRO ARTIS.& MET.ART:VERR.SCIENT.TECHN;0.5;3.0;6.0;40022402;23810022402;400.0;40022402;2NDPRO22402;0.0;11
2019;BACPRO TECHNICIEN MODELEUR;BACPRO;Productique, mécanique, automatisation;TECHNICIEN MODELEUR;40.5;2020.0;2NDPRO TECHNICIEN MODELEUR;0.427480916031;56.0;131.0;40025108;23810025108;400.0;40025108;2NDPRO25108;0.0;74
2019;BACPRO MAINTENANCE DES MATERIELS OPTION C MATERIELS D'ESPACES VERTS;BACPRO;Automobile, engins;MAINTENANCE DES MATERIELS OPTION C MATERIELS D'ESPACES VERTS;58.3;2020.0;2NDPRO MAINT.MATERIELS OPT.C ESP. VERTS;0.875;28.0;32.0;40025221;23810025221;400.0;40025221;2NDPRO25221;85.0;140
2019;CAP ARTS DU VERRE ET DU CRISTAL;CAP;Métiers d'art;ARTS DU VERRE ET DU CRISTAL;36.4;2020.0;1CAP2  ARTS DU VERRE ET DU CRISTAL;1.8;54.0;30.0;50022428;23210022428;500.0;50022428;1CAP222428;4.0;28
2019;CAP PODO-ORTHESISTE;CAP;Santé, social, services à la personne et à la collectivité;PODO-ORTHESISTE;81.8;2020.0;1CAP2 PODO-ORTHESISTE;0.166666666667;2.0;12.0;50033107;23210033107;500.0;50033107;1CAP233107;9.0;5
2019;BACPRO INTERVENTIONS SUR LE PATRIMOINE BATI, OPTION A MACONNERIE;BACPRO;Construction, bâtiment, travaux publics;INTERVENTIONS SUR LE PATRIMOINE BATI, OPTION A MACONNERIE;55.0;2020.0;2NDPRO MET.CON.DUR.BAT.&TRA.PUB.2NDE COM;0.704670609831;3455.0;4903.0;40023205;23810020006;400.0;40020006;2NDPRO20006;21.0;87
2019;BACPRO INTERVENTIONS SUR LE PATRIMOINE BATI, OPTION C COUVERTURE;BACPRO;Construction, bâtiment, travaux publics;INTERVENTIONS SUR LE PATRIMOINE BATI, OPTION C COUVERTURE;46.2;2020.0;2NDPRO MET.CON.DUR.BAT.&TRA.PUB.2NDE COM;0.704670609831;3455.0;4903.0;40023207;23810020006;400.0;40020006;2NDPRO20006;2.0;17
2019;CAP SERIGRAPHIE INDUSTRIELLE;CAP;Industries graphiques, communication, audiovisuel, spectacle;SERIGRAPHIE INDUSTRIELLE;24.6;2020.0;1CAP2  SERIGRAPHIE INDUSTRIELLE;1.02205882353;139.0;136.0;50032225;23210032225;500.0;50032225;1CAP232225;30.0;93
2019;CAP ASSISTANT(E) TECHNIQUE EN MILIEUX FAMILIAL ET COLLECTIF;CAP;Santé, social, services à la personne et à la collectivité;ASSISTANT(E) TECHNIQUE EN MILIEUX FAMILIAL ET COLLECTIF;15.8;2020.0;1CAP2  ASS. TECH. MILIEUX FAMIL.COLLECT.;0.878865979381;2728.0;3104.0;50033411;23210033411;500.0;50033411;1CAP233411;43.0;2810
2019;BACPRO TECHNICIEN CONSTRUCTEUR BOIS;BACPRO;Construction, bâtiment, travaux publics;TECHNICIEN CONSTRUCTEUR BOIS;49.2;2020.0;2NDPRO TECHNICIEN CONSTRUCTEUR BOIS;0.670239076669;813.0;1213.0;40023404;23810023404;400.0;40023404;2NDPRO23404;96.0;564
2019;BACPRO MAINTENANCE DES EQUIPEMENTS INDUSTRIELS;BACPRO;Productique, mécanique, automatisation;MAINTENANCE DES EQUIPEMENTS INDUSTRIELS;43.3;2020.0;2NDPRO MAINTENANCE EQUIPEMENTS INDUST.;0.644575434125;4046.0;6277.0;40025007;23810025007;400.0;40025007;2NDPRO25007;762.0;4397
2019;CAP ARTS ET TECHNIQUES DU VERRE OPTION VITRAILLISTE;CAP;Métiers d'art;ARTS ET TECHNIQUES DU VERRE OPTION VITRAILLISTE;46.2;2020.0;1CAP2 ARTS & TECH.VERRE: VITRAILLISTE;0.6;6.0;10.0;50022425;23210022425;500.0;50022425;1CAP222425;8.0;5
2019;CAP CHARPENTIER DE MARINE;CAP;Mer;CHARPENTIER DE MARINE;42.9;2020.0;1CAP2  CHARPENTIER DE MARINE;0.4;12.0;30.0;50023444;23210023444;500.0;50023444;1CAP223444;0.0;23
2019;CAP AGENT VERIFICATEUR D'APPAREILS EXTINCTEURS;CAP;Gestion-administration, transport, logistique, sécurité;AGENT VERIFICATEUR D'APPAREILS EXTINCTEURS;61.5;2020.0;1CAP2 AGENT VERIF. APPAR. EXTINCTEURS;1.0;1.0;1.0;50025133;23210025133;500.0;50025133;1CAP225133;4.0;27
2019;CAP MAINTENANCE DES VEHICULES OPTIONS C MOTOCYCLES;CAP;Automobile, engins;MAINTENANCE DES VEHICULES OPTIONS C MOTOCYCLES;45.5;2020.0;1CAP2  MAINT.VEHIC.OPTC MOTOCYCLES;2.17030567686;497.0;229.0;50025220;23210025220;500.0;50025220;1CAP225220;324.0;783
2019;CAP OPERATEUR/OPERATRICE DE SERVICE-RELATION CLIENT ET LIVRAISON;CAP;Gestion-administration, transport, logistique, sécurité;OPERATEUR/OPERATRICE DE SERVICE-RELATION CLIENT ET LIVRAISON;50.9;2020.0;1CAP2  OPER.SERV. RELAT.CLIENT LIVRAISON;0.7;7.0;10.0;50031123;23210031123;500.0;50031123;1CAP231123;305.0;26
